{
  "name": "anclora-whatsapp-queue-analytics",
  "version": "1.0.0",
  "description": "WhatsApp Queue Management & Analytics System for Anclora Private Estates",
  "scripts": {
    "redis:start": "docker-compose -f docker/docker-compose.redis.yml up -d",
    "redis:stop": "docker-compose -f docker/docker-compose.redis.yml down",
    "redis:logs": "docker-compose -f docker/docker-compose.redis.yml logs -f redis-whatsapp",
    "redis:cli": "docker exec -it anclora-redis-whatsapp redis-cli",
    "redis:monitor": "docker exec -it anclora-redis-whatsapp redis-cli MONITOR",
    "redis:info": "docker exec -it anclora-redis-whatsapp redis-cli INFO",
    "redis:flush": "docker exec -it anclora-redis-whatsapp redis-cli FLUSHALL",
    "queue:metrics": "ts-node scripts/queue-metrics.ts",
    "queue:dlq": "ts-node scripts/queue-dlq.ts",
    "queue:clean": "ts-node scripts/queue-clean.ts",
    "analytics:report": "ts-node scripts/analytics-report.ts",
    "analytics:dashboard": "ts-node scripts/analytics-dashboard.ts",
    "test:queue": "jest --testPathPattern=queue",
    "test:analytics": "jest --testPathPattern=analytics",
    "test:integration": "jest --testPathPattern=integration"
  },
  "dependencies": {
    "bullmq": "^4.17.0",
    "ioredis": "^5.3.2"
  },
  "devDependencies": {
    "@types/ioredis": "^5.0.0",
    "@types/node": "^20.11.0",
    "jest": "^29.7.0",
    "ts-jest": "^29.1.1",
    "ts-node": "^10.9.2",
    "typescript": "^5.3.3"
  }
}
